Metric,Mean,Std
Accuracy,0.20487804878048782,0.021815297341461357
F1-score,0.0701166417786627,0.013152423200430407
